##mBInventory;;;;;;;
code;name;category;quantity;cost;active;visible;unit
INVENTORY-CONGERATEUR;Congerateur;categorie-icizanye-cuisine;4;4000000;TRUE;TRUE;piece
INVENTORY-FRIGOT;Frigot;categorie-icizanye-cuisine;1;2000000;TRUE;TRUE;piece
INVENTORY-MICRO_ONDE;Micro onde;categorie-icizanye-cuisine;3;1500000;TRUE;TRUE;piece
INVENTORY-FRITEUSE;Friteuse;categorie-icizanye-cuisine;4;1000000;TRUE;TRUE;piece
INVENTORY-CAFETIERE;Cafetiere;categorie-icizanye-cuisine;4;800000;TRUE;TRUE;piece
INVENTORY-CHAUFFE_EAU;Chauffe eau;categorie-icizanye-cuisine;2;90000;TRUE;TRUE;piece
INVENTORY-TOOSTER;Tooster;categorie-icizanye-cuisine;2;60000;TRUE;TRUE;piece
INVENTORY-MIXER_A_JUS;Mixer a jus;categorie-icizanye-cuisine;2;180000;TRUE;TRUE;piece
INVENTORY-TABLE_GRAND;Table grand;categorie-icizanye-cuisine;1;1500000;TRUE;TRUE;piece
INVENTORY-BALANCE_GRAND;Balance grand;categorie-icizanye-cuisine;4;600000;TRUE;TRUE;piece
INVENTORY-BALANCE_PETIT;Balance petit;categorie-icizanye-cuisine;1;45000;TRUE;TRUE;piece
INVENTORY-TELEMOS_GRAND;Telemos grand;categorie-icizanye-cuisine;9;225000;TRUE;TRUE;piece
INVENTORY-TELEMOS_PETIT;Telemos petit;categorie-icizanye-cuisine;18;270000;TRUE;TRUE;piece
INVENTORY-ISAFUNIYA_NINI;Isafuniya nini;categorie-icizanye-cuisine;4;360000;TRUE;TRUE;piece
INVENTORY-ISAFUNIYA_NTOYA;Isafuniya ntoya;categorie-icizanye-cuisine;5;75000;TRUE;TRUE;piece
INVENTORY-PANNEAU_OMLETTE;Panneau omlette;categorie-icizanye-cuisine;4;240000;TRUE;TRUE;piece
INVENTORY-PANNEAU_DE_THE;Panneau de thé;categorie-icizanye-cuisine;9;135000;TRUE;TRUE;piece
INVENTORY-PANNEAU_SIMPLE;Panneau simple;categorie-icizanye-cuisine;15;525000;TRUE;TRUE;piece
INVENTORY-PANNEAU_DES_FRITTES;Panneau des frittes;categorie-icizanye-cuisine;5;100000;TRUE;TRUE;piece
INVENTORY-MARMITE_DE_PATTE_P;Marmite de patte p;categorie-icizanye-cuisine;2;30000;TRUE;TRUE;piece
INVENTORY-GRAND_BASSIN;Grand bassin;categorie-icizanye-cuisine;6;210000;TRUE;TRUE;piece
INVENTORY-PETIT__BASSIN;Petit  bassin;categorie-icizanye-cuisine;8;32000;TRUE;TRUE;piece
INVENTORY-IMBABURA;Imbabura;categorie-icizanye-cuisine;5;60000;TRUE;TRUE;piece
INVENTORY-SEAUX;Seaux;categorie-icizanye-cuisine;6;72000;TRUE;TRUE;piece
INVENTORY-BAIN_MALIN;Bain malin;categorie-icizanye-cuisine;10;6000000;TRUE;TRUE;piece
INVENTORY-VERRE_DE_LAIT;Verre de lait;categorie-icizanye-cuisine;7;28000;TRUE;TRUE;piece
INVENTORY-CHINWA;Chinwa;categorie-icizanye-cuisine;1;;TRUE;TRUE;piece
INVENTORY-FOUE;Foue;categorie-icizanye-cuisine;4;;TRUE;TRUE;piece
INVENTORY-SOUS_TASSE;Sous tasse ;categorie-icizanye-cuisine;120;3000000;TRUE;TRUE;piece
INVENTORY-JAGUE;Jague;categorie-icizanye-cuisine;1;5000;TRUE;TRUE;piece
INVENTORY-BOLLE_DE_FRUIT;Bolle de Fruit;categorie-icizanye-cuisine;2;10000;TRUE;TRUE;piece
INVENTORY-BOLLE_DE_SOUPE;Bolle de soupe;categorie-icizanye-cuisine;6;30000;TRUE;TRUE;piece
INVENTORY-BOLLE_DE_PUMA;Bolle de puma;categorie-icizanye-cuisine;9;45000;TRUE;TRUE;piece
INVENTORY-B0LLE_DE_SUCRE;Bolle de sucre;categorie-icizanye-cuisine;3;15000;TRUE;TRUE;piece
INVENTORY-VENTULATEUR;Ventulateur;categorie-icizanye-cuisine;5;400000;TRUE;TRUE;piece
INVENTORY-MARMITE_DE_BUFFET;Marmite de buffet;categorie-icizanye-cuisine;16;480000;TRUE;TRUE;piece
INVENTORY-PLATEAU_SALADE_G;Plateau salade G;categorie-icizanye-cuisine;7;45500;TRUE;TRUE;piece
INVENTORY-PLATEAU_SALADE_P;Plateau salade P;categorie-icizanye-cuisine;13;52000;TRUE;TRUE;piece
INVENTORY-ASSIETTE_DE_P_ENTIER;Assiette de P entier;categorie-icizanye-cuisine;3;180000;TRUE;TRUE;piece
INVENTORY-ASSIETTE_DE_MUKEKE;Assiette de mukeke;categorie-icizanye-cuisine;16;800000;TRUE;TRUE;piece
INVENTORY-ASSIETTE_DE_MELANGE;Assiette de melange;categorie-icizanye-cuisine;17;204000;TRUE;TRUE;piece
INVENTORY-ASSIETTE_DE_COM_SIMPLE;Assiette de com simple;categorie-icizanye-cuisine;88;1056000;TRUE;TRUE;piece
INVENTORY-FOURCHETTE;Fourchette;categorie-icizanye-cuisine;412;824000;TRUE;TRUE;piece
INVENTORY-LOUCHE;Louche;categorie-icizanye-cuisine;25;100000;TRUE;TRUE;piece
INVENTORY-COUTEAU;Couteau;categorie-icizanye-cuisine;160;320000;TRUE;TRUE;piece
INVENTORY-PETIT_CUIERRE;Petit cuierre;categorie-icizanye-cuisine;62;93000;TRUE;TRUE;piece
INVENTORY-CUIERRE_DE_SOUPE;Cuierre de soupe;categorie-icizanye-cuisine;65;195000;TRUE;TRUE;piece
INVENTORY-ASSIETTE_IGISAFURIYA;Assiette igisafuriya;categorie-icizanye-cuisine;2;120000;TRUE;TRUE;piece
INVENTORY-PLANCHE;Planche;categorie-icizanye-cuisine;4;100000;TRUE;TRUE;piece
INVENTORY-ETAGERE;Etagere;categorie-icizanye-cuisine;2;300000;TRUE;TRUE;piece
INVENTORY-CALCULATRICE;Calculatrice;categorie-icizanye-cuisine;1;10000;TRUE;TRUE;piece
INVENTORY-HOT_POT;Hot pot;categorie-icizanye-cuisine;2;1200000;TRUE;TRUE;piece
INVENTORY-MACHINE_VIANDE;Machine viande;categorie-icizanye-cuisine;2;400000;TRUE;TRUE;piece
INVENTORY-MIXEUR_A_SOUPE;Mixeur a soupe;categorie-icizanye-cuisine;5;900000;TRUE;TRUE;piece
INVENTORY-PORTE-CUILLEUR;Porte-cuilleur;categorie-icizanye-cuisine;2;20000;TRUE;TRUE;piece
INVENTORY-IFURU;Ifuru electrique;categorie-icizanye-cuisine;1;700000;TRUE;TRUE;piece
INVENTORY-MACHINEPOMM_DE_TERRE;Machine pomm de terre;categorie-icizanye-cuisine;1;550000;TRUE;TRUE;piece
INVENTORY-PLATINE;Platine;categorie-icizanye-cuisine;4;120000;TRUE;TRUE;piece
INVENTORY-KETIA;Ketia;categorie-icizanye-cuisine;2;50000;TRUE;TRUE;piece
INVENTORY-GRIADE;Griade;categorie-icizanye-cuisine;7;175000;TRUE;TRUE;piece
INVENTORY-LAPPE_CHOUX;Lappe choux;categorie-icizanye-cuisine;5;15000;TRUE;TRUE;piece
INVENTORY-LAPPE_CAROTTE;Lappe carotte;categorie-icizanye-cuisine;4;12000;TRUE;TRUE;piece
INVENTORY-COUTEAU_STEACK;Couteau steack;categorie-icizanye-cuisine;4;6000;TRUE;TRUE;piece
INVENTORY-CUISINIERE_A_GAZ;Cuisiniere a gaz;categorie-icizanye-cuisine;1;2500000;TRUE;TRUE;piece
INVENTORY-COUTEAU_SIMPLE;couteau simple;categorie-icizanye-cuisine;2;6000;TRUE;TRUE;piece
INVENTORY-MARTEAU_A_STEACK;Marteau a steack;categorie-icizanye-cuisine;2;30000;TRUE;TRUE;piece
;;;;;;;
;;;;;;;
;;;;;;;
##mBInventory;;;;;;;
code;name;category;quantity;cost;active;visible;unit
INVENTORY-CIBOIRE;Ciboire;categorie-icizanye-bar;9;9000000;TRUE;TRUE;piece
INVENTORY-FRIGOT;Frigot;categorie-icizanye-bar;4;8000000;TRUE;TRUE;piece
INVENTORY-ORDINATEUR_DE_BUREAU;Ordinateur de bureau;categorie-icizanye-bar;2;600000;TRUE;TRUE;piece
INVENTORY-ORDINATEUR_PORTABLE;Ordinateur portable;categorie-icizanye-bar;2;2000000;TRUE;TRUE;piece
INVENTORY-RADIO;Radio;categorie-icizanye-bar;1;1000000;TRUE;TRUE;piece
INVENTORY-TELEVISION;Television;categorie-icizanye-bar;1;3000000;TRUE;TRUE;piece
INVENTORY-IMPRIMANTE;Imprimante;categorie-icizanye-bar;2;1500000;TRUE;TRUE;piece
INVENTORY-CHAISE_PLASTIQUE;Chaise plastique;categorie-icizanye-bar;217;7595000;TRUE;TRUE;piece
INVENTORY-CHAISE_RESTO_BAR;Chaise resto bar;categorie-icizanye-bar;49;2940000;TRUE;TRUE;piece
INVENTORY-CHAISE_ET_TABLE_PALLAUTE;Chaise et table pallaute;categorie-icizanye-bar;10;5000000;TRUE;TRUE;piece
INVENTORY-TABLE_PLASTIQUE;Table plastique;categorie-icizanye-bar;39;2340000;TRUE;TRUE;piece
INVENTORY-TABLE_METALLIQUE;Table metallique;categorie-icizanye-bar;5;1000000;TRUE;TRUE;piece
INVENTORY-TABLE_EN_BOIS;Table en bois;categorie-icizanye-bar;49;1715000;TRUE;TRUE;piece
INVENTORY-TABLE_ZIBIYO_NINI;Table zibiyo nini;categorie-icizanye-bar;4;2000000;TRUE;TRUE;piece
INVENTORY-TABLE_ZIBIYO_NTOYA;Table zibiyo ntoya;categorie-icizanye-bar;3;750000;TRUE;TRUE;piece
INVENTORY-VERRE_DE_LIMONADE;Verre de limonade;categorie-icizanye-bar;17;68000;TRUE;TRUE;piece
INVENTORY-VERRE_DE_VIN;Verre de vin;categorie-icizanye-bar;10;40000;TRUE;TRUE;piece
INVENTORY-VERRE_DE_PRIMUS;Verre de primus;categorie-icizanye-bar;72;360000;TRUE;TRUE;piece
INVENTORY-VERRE_DE_AMSTEL;Verre de amstel;categorie-icizanye-bar;142;710000;TRUE;TRUE;piece
INVENTORY-CARTON_DE_G_AMSTEL;Carton de G amstel;categorie-icizanye-bar;44;1980000;TRUE;TRUE;caisse
INVENTORY-CARTON_DE_G_PRIMUS;Carton de G primus;categorie-icizanye-bar;34;850000;TRUE;TRUE;caisse
INVENTORY-CARTON_DE_P_AMSTEL;Carton de P amstel;categorie-icizanye-bar;18;1440000;TRUE;TRUE;caisse
INVENTORY-CARTON_DE_P_PRIMUS;Carton de P primus;categorie-icizanye-bar;25;1125000;TRUE;TRUE;caisse
INVENTORY-CARTON_SKOOL;Carton skool;categorie-icizanye-bar;28;;TRUE;TRUE;caisse
INVENTORY-CARTON_SOMA;Carton soma;categorie-icizanye-bar;5;;TRUE;TRUE;caisse
INVENTORY-CARTON_FANTA;Carton fanta;categorie-icizanye-bar;25;875000;TRUE;TRUE;caisse
INVENTORY-CARTON_ROYAL;Carton royal;categorie-icizanye-bar;16;1600000;TRUE;TRUE;caisse
INVENTORY-CARTON_VIVA;Carton viva;categorie-icizanye-bar;32;1760000;TRUE;TRUE;caisse
INVENTORY-VIDE_G_AMSTEL;Vide G amstel;categorie-icizanye-bar;20;100000;TRUE;TRUE;caisse
INVENTORY-VIDE_G_PRIMUS;Vide G primus;categorie-icizanye-bar;47;235000;TRUE;TRUE;caisse
INVENTORY-VIDE_ROYAL;Vide royal;categorie-icizanye-bar;71;355000;TRUE;TRUE;caisse
INVENTORY-VIDE_FANTA;Vide fanta;categorie-icizanye-bar;21;105000;TRUE;TRUE;caisse
INVENTORY-TABLE_COMPTOIRE;Table comptoire;categorie-icizanye-bar;3;450000;TRUE;TRUE;piece
INVENTORY-CHAISE_COMPTOIRE;Chaise comptoire;categorie-icizanye-bar;14;840000;TRUE;TRUE;piece
INVENTORY-CHAISE_BLANC;Chaise blanc;categorie-icizanye-bar;19;;TRUE;TRUE;piece
INVENTORY-CHAISE_METTALIQUE;Chaise mettalique;categorie-icizanye-bar;27;1620000;TRUE;TRUE;piece
INVENTORY-PLATEAU_EN_BOIS;Plateau en bois;categorie-icizanye-bar;9;90000;TRUE;TRUE;piece
INVENTORY-PLTEAU_BRARUDI;Plteau brarudi;categorie-icizanye-bar;20;100000;TRUE;TRUE;piece
INVENTORY-ETAGERE;Etagere;categorie-icizanye-bar;2;450000;TRUE;TRUE;piece
INVENTORY-ETAGERE-METALIQUE;Etagere Metalique;categorie-icizanye-bar;2;4000000;TRUE;TRUE;piece
INVENTORY-COFRE-FORT;Cofre fort;categorie-icizanye-bar;1;4500000;TRUE;TRUE;piece
;;;;;;;
;;;;;;;
;;;;;;;
;;;;;;;
;;;;;;;
##mBInventory;;;;;;;
code;name;category;quantity;cost;active;visible;unit
INVENTORY-PISCINE_;Piscine ;categorie-icizanye-gymnase;1;30000000;TRUE;TRUE;piece
INVENTORY-FILTRE_DE_SABLE;Filtre de sable;categorie-icizanye-gymnase;1;12000000;TRUE;TRUE;piece
INVENTORY-ASPIRATEUR_ET_TUYAUX;Aspirateur et tuyaux;categorie-icizanye-gymnase;1;10000000;TRUE;TRUE;piece
INVENTORY-SCEAU;Sceau;categorie-icizanye-gymnase;1;50000;TRUE;TRUE;piece
INVENTORY-PORTE_MENTAUX;Porte mentaux;categorie-icizanye-gymnase;2;50000;TRUE;TRUE;piece
INVENTORY-RACLETTE;Raclette;categorie-icizanye-gymnase;1;5000000;TRUE;TRUE;piece
INVENTORY-TUYAUX_ALIMANTA;Tuyaux alimanta;categorie-icizanye-gymnase;1;5000000;TRUE;TRUE;piece
INVENTORY-TAPIS_AU_SOL;Tapis au sol;categorie-icizanye-gymnase;4;400000;TRUE;TRUE;piece
INVENTORY-PETIT_TAPIS_;Petit tapis ;categorie-icizanye-gymnase;8;800000;TRUE;TRUE;piece
INVENTORY-POUILIE_MULTICOMBINE;Pouilie multicombiné;categorie-icizanye-gymnase;1;5000000;TRUE;TRUE;piece
INVENTORY-APAREIL_DE_MUSCULATION;Apareil de musculation;categorie-icizanye-gymnase;1;15000000;TRUE;TRUE;piece
INVENTORY-ALTHERE_AVEC_SES_DISQUES;Althere avec ses disques;categorie-icizanye-gymnase;1;5000000;TRUE;TRUE;piece
INVENTORY-SUPPORT_ALTHERE;Support althere;categorie-icizanye-gymnase;1;5000000;TRUE;TRUE;piece
INVENTORY-BANC_DE_MUSCULATION;Banc de musculation;categorie-icizanye-gymnase;1;12000000;TRUE;TRUE;piece
INVENTORY-APPAREIL_VIBRO-MASSER;Appareil vibro-masser;categorie-icizanye-gymnase;1;2000000;TRUE;TRUE;piece
INVENTORY-PESEPERSONNE;Pesepersonne;categorie-icizanye-gymnase;1;5000000;TRUE;TRUE;piece
INVENTORY-BALLONS_SUISSE;Ballons suisse;categorie-icizanye-gymnase;4;20000000;TRUE;TRUE;piece
INVENTORY-VELO_CARDIOLOGIQUE;Velo cardiologique;categorie-icizanye-gymnase;3;15000000;TRUE;TRUE;piece
INVENTORY-ASPIRATEUR_DES_TAPIS;Aspirateur des tapis;categorie-icizanye-gymnase;1;5000000;TRUE;TRUE;piece
INVENTORY-POSTE_RADIO_ALIPU;Poste radio alipu;categorie-icizanye-gymnase;1;250000;TRUE;TRUE;piece
INVENTORY-STABILISATEUR;Stabilisateur;categorie-icizanye-gymnase;1;300000;TRUE;TRUE;piece
INVENTORY-TABLETTE;Tablette;categorie-icizanye-gymnase;1;50000;TRUE;TRUE;piece
INVENTORY-PAIRE_DE_POIDS_DE_MUSCL;Paire de poids de muscl;categorie-icizanye-gymnase;11;25000000;TRUE;TRUE;piece
INVENTORY-SUPPORT_DES_POIDS;Support des poids;categorie-icizanye-gymnase;1;5000000;TRUE;TRUE;piece
INVENTORY-ETAGERE;Etagere;categorie-icizanye-gymnase;1;150000;TRUE;TRUE;piece
INVENTORY-ROULETTE_DE_MUSCULTION;Roulette de muscultion;categorie-icizanye-gymnase;2;12000000;TRUE;TRUE;piece
INVENTORY-APPAR_ASSOUPLESSEMENT;Appar assouplessement;categorie-icizanye-gymnase;1;15000000;TRUE;TRUE;piece
INVENTORY-APPAR_DE_MUSCULATION;Appar de musculation;categorie-icizanye-gymnase;1;15000000;TRUE;TRUE;piece
INVENTORY-PAIRE_DE_GROS_DISQUE;Paire de gros disque;categorie-icizanye-gymnase;3;7000000;TRUE;TRUE;piece
INVENTORY-MIROIRE_DE_VESTIAIRE;Miroire de vestiaire;categorie-icizanye-gymnase;2;120000;TRUE;TRUE;piece
INVENTORY-PETIT_PORTE_MENTEAU;Petit porte menteau;categorie-icizanye-gymnase;2;50000;TRUE;TRUE;piece
;;;;;;;
;;;;;;;
;;;;;;;
##mBInventory;;;;;;;
code;name;category;quantity;cost;active;visible;unit
INVENTORY-DRAPS;Draps;categorie-icizanye-hebergement;43;3010000;TRUE;TRUE;piece
INVENTORY-ESSUIE-MAIN;Essuie-main;categorie-icizanye-hebergement;64;2560000;TRUE;TRUE;piece
INVENTORY-LITS;Lits;categorie-icizanye-hebergement;27;18900000;TRUE;TRUE;piece
INVENTORY-MATELAS;Matelas;categorie-icizanye-hebergement;27;27000000;TRUE;TRUE;piece
INVENTORY-CAMERA;Camera;categorie-icizanye-hebergement;6;15000000;TRUE;TRUE;piece
INVENTORY-TELEVISION;Television;categorie-icizanye-hebergement;17;13600000;TRUE;TRUE;piece
INVENTORY-CHAUFFE-EAU;Chauffe-eau;categorie-icizanye-hebergement;12;6000000;TRUE;TRUE;piece
INVENTORY-SALLON_MINISTRE;Sallon ministre;categorie-icizanye-hebergement;7;7000000;TRUE;TRUE;piece
INVENTORY-MACHINE_A_LAVER;Machine a laver;categorie-icizanye-hebergement;3;4500000;TRUE;TRUE;piece
INVENTORY-MIROIRES;Miroires;categorie-icizanye-hebergement;25;625000;TRUE;TRUE;piece
INVENTORY-STABILISATEUR;Stabilisateur;categorie-icizanye-hebergement;2;300000;TRUE;TRUE;piece
INVENTORY-ROUTEUR;Routeur;categorie-icizanye-hebergement;3;450000;TRUE;TRUE;piece
INVENTORY-MOUSTIQUAIRE;Moustiquaire;categorie-icizanye-hebergement;25;1500000;TRUE;TRUE;piece
INVENTORY-TELEPHONE_FIXE;Telephone fixe;categorie-icizanye-hebergement;15;2700000;TRUE;TRUE;piece
INVENTORY-CHAISE;Chaise;categorie-icizanye-hebergement;51;3570000;TRUE;TRUE;piece
INVENTORY-TAPIS;Tapis;categorie-icizanye-hebergement;44;660000;TRUE;TRUE;piece
INVENTORY-SEAUX;Seaux;categorie-icizanye-hebergement;37;444000;TRUE;TRUE;piece
INVENTORY-BABOUCHE;Babouche;categorie-icizanye-hebergement;25;100000;TRUE;TRUE;piece
INVENTORY-ALLONGES;Allonges;categorie-icizanye-hebergement;7;140000;TRUE;TRUE;piece
INVENTORY-CONTRE_FAUTEUIL;Contre fauteuil;categorie-icizanye-hebergement;3;15000;TRUE;TRUE;piece
INVENTORY-GRAND_BASSIN;Grand bassin;categorie-icizanye-hebergement;5;175000;TRUE;TRUE;piece
INVENTORY-FAIRE_A_REPASSER;Faire a repasser;categorie-icizanye-hebergement;2;130000;TRUE;TRUE;piece
INVENTORY-POUBELLES;Poubelles;categorie-icizanye-hebergement;25;375000;TRUE;TRUE;piece
INVENTORY-FRIGOT;Frigot;categorie-icizanye-hebergement;1;2000000;TRUE;TRUE;piece
INVENTORY-TE_OREILLE;Té oreille;categorie-icizanye-hebergement;39;195000;TRUE;TRUE;piece
INVENTORY-DECODEUR;Decodeur;categorie-icizanye-hebergement;6;420000;TRUE;TRUE;piece
INVENTORY-RIDEAUX;Rideaux ;categorie-icizanye-hebergement;67;2512000;TRUE;TRUE;piece
INVENTORY-RIDEAUX_DU_JOUR;Rideaux du jour;categorie-icizanye-hebergement;6;360000;TRUE;TRUE;piece
INVENTORY-PORTE_MENTAUX;Porte mentaux;categorie-icizanye-hebergement;51;300000;TRUE;TRUE;piece
INVENTORY-PORTE_RIDEAU;Porte rideau;categorie-icizanye-hebergement;27;2160000;TRUE;TRUE;piece
INVENTORY-MALES;Males;categorie-icizanye-hebergement;3;180000;TRUE;TRUE;piece
INVENTORY-EXTINCTEUR;Extincteur;categorie-icizanye-hebergement;2;640000;TRUE;TRUE;piece
INVENTORY-ORDINATEUR_DE_BUREAU;Ordinateur de bureau;categorie-icizanye-hebergement;1;300000;TRUE;TRUE;piece
INVENTORY-PHOTOCOPIEUSE;Photocopieuse;categorie-icizanye-hebergement;1;3000000;TRUE;TRUE;piece
INVENTORY-CENTRAL_TELEPHONIQUE;Central telephonique;categorie-icizanye-hebergement;1;11200000;TRUE;TRUE;piece
INVENTORY-BAGAGE_EAU;Bagage eau;categorie-icizanye-hebergement;6;840000;TRUE;TRUE;piece
INVENTORY-COUVRE-LITS;Couvre-lits;categorie-icizanye-hebergement;27;5400000;TRUE;TRUE;piece
INVENTORY-ETAGERE;Etagere;categorie-icizanye-hebergement;1;150000;TRUE;TRUE;piece
INVENTORY-IMPRIMANTE;Imprimante;categorie-icizanye-hebergement;2;800000;TRUE;TRUE;piece
INVENTORY-TABLE;Table;categorie-icizanye-hebergement;40;800000;TRUE;TRUE;piece
INVENTORY-TELECOMMANDE;Telecommande;categorie-icizanye-hebergement;15;300000;TRUE;TRUE;piece
INVENTORY-CONTOIRE;Contoire;categorie-icizanye-hebergement;1;1500000;TRUE;TRUE;piece
;;;;;;;
;;;;;;;
##mBInventory;;;;;;;
code;name;category;quantity;cost;active;visible;unit
INVENTORY-ASSIETTE;Assiette;categorie-kugatumba-cuisine;196;1960000;TRUE;TRUE;piece
INVENTORY-FLUTEUSES;Fluteuses;categorie-kugatumba-cuisine;4;1000000;TRUE;TRUE;piece
INVENTORY-BASSINS-G;Bassins G;categorie-kugatumba-cuisine;8;280000;TRUE;TRUE;piece
INVENTORY-TAMIS;Tamis;categorie-kugatumba-cuisine;11;;TRUE;TRUE;piece
INVENTORY-IMBABURA;Imbabura;categorie-kugatumba-cuisine;7;105000;TRUE;TRUE;piece
INVENTORY-ISAFURIYA;Isafuriya;categorie-kugatumba-cuisine;11;220000;TRUE;TRUE;piece
INVENTORY-IKARAYI;Ikarayi;categorie-kugatumba-cuisine;6;90000;TRUE;TRUE;piece
INVENTORY-MIXEUR;Mixeur;categorie-kugatumba-cuisine;1;180000;TRUE;TRUE;piece
INVENTORY-CONGELATEUR;Congelateur;categorie-kugatumba-cuisine;2;1000000;TRUE;TRUE;piece
INVENTORY-CUISINIERE;Cuisiniere a gaz;categorie-kugatumba-cuisine;1;4700000;TRUE;TRUE;piece
INVENTORY-BALANCE;Balance;categorie-kugatumba-cuisine;2;90000;TRUE;TRUE;piece
INVENTORY-PLANCHES;Planches;categorie-kugatumba-cuisine;3;75000;TRUE;TRUE;piece
INVENTORY-PALLETTE;Pallette;categorie-kugatumba-cuisine;6;120000;TRUE;TRUE;piece
INVENTORY-IPANU;Ipanu;categorie-kugatumba-cuisine;6;180000;TRUE;TRUE;piece
INVENTORY-BASSIN_P;Bassin P;categorie-kugatumba-cuisine;13;52000;TRUE;TRUE;piece
INVENTORY-IBIRIKA;Ibirika;categorie-kugatumba-cuisine;12;60000;TRUE;TRUE;piece
INVENTORY-FOURCHETTE;Fourchette;categorie-kugatumba-cuisine;101;202000;TRUE;TRUE;piece
INVENTORY-COUTEAU_DE_TABLE;Couteau de table;categorie-kugatumba-cuisine;84;168000;TRUE;TRUE;piece
INVENTORY-UTUYIKO_DUTOYA;Utuyiko dutoya;categorie-kugatumba-cuisine;51;76500;TRUE;TRUE;piece
INVENTORY-BOLLE;Bolle;categorie-kugatumba-cuisine;76;380000;TRUE;TRUE;piece
INVENTORY-CHAUFFE_EAU;Chauffe eau;categorie-kugatumba-cuisine;2;90000;TRUE;TRUE;piece
INVENTORY-TABLE_DE_CUISINE;Table de cuisine;categorie-kugatumba-cuisine;8;320000;TRUE;TRUE;piece
INVENTORY-CABELAS;Cabelas;categorie-kugatumba-cuisine;1;;TRUE;TRUE;piece
INVENTORY-ROUCHE;Rouche;categorie-kugatumba-cuisine;5;12500;TRUE;TRUE;piece
INVENTORY-MACHETTE_DE_CUISINE;Machette de cuisine;categorie-kugatumba-cuisine;3;24000;TRUE;TRUE;piece
INVENTORY-FOUR_AKABENZI;Four akabenzi ;categorie-kugatumba-cuisine;1;6500000;TRUE;TRUE;piece
INVENTORY-VANTILATEUR;Vantilateur;categorie-kugatumba-cuisine;1;600000;TRUE;TRUE;piece
INVENTORY-CALCULATRICE;Calculatrice;categorie-kugatumba-cuisine;1;10000;TRUE;TRUE;piece
;;;;;;;
;;;;;;;
;;;;;;;
;;;;;;;
##mBInventory;;;;;;;
code;name;category;quantity;cost;active;visible;unit
INVENTORY-CARTON_AMSTEL_G;Carton amstel G;categorie-kugatumba-bar;67;3015000;TRUE;TRUE;caisse
INVENTORY-CARTON_P_AMSTEL;Carton P amstel ;categorie-kugatumba-bar;28;2240000;TRUE;TRUE;caisse
INVENTORY-CARTON_PRIMUS_G;Carton primus G;categorie-kugatumba-bar;26;650000;TRUE;TRUE;caisse
INVENTORY-CARTON_PRIMUS_P;Carton primus p;categorie-kugatumba-bar;33;1485000;TRUE;TRUE;caisse
INVENTORY-CARTON_VIVA;Carton viva;categorie-kugatumba-bar;36;1980000;TRUE;TRUE;caisse
INVENTORY-CARTON_FANTA;Carton fanta;categorie-kugatumba-bar;81;2835000;TRUE;TRUE;caisse
INVENTORY-CARTON_ROYALE;Carton royale;categorie-kugatumba-bar;41;4100000;TRUE;TRUE;caisse
INVENTORY-CARTON_SOMA;Carton soma;categorie-kugatumba-bar;4;;TRUE;TRUE;caisse
INVENTORY-CARTON_SKOL;Carton skol;categorie-kugatumba-bar;20;;TRUE;TRUE;caisse
INVENTORY-CARTON_TUSKER;Carton tusker;categorie-kugatumba-bar;2;;TRUE;TRUE;caisse
INVENTORY-CARTON_SMINOFF;Carton sminoff;categorie-kugatumba-bar;2;;TRUE;TRUE;caisse
INVENTORY-BOUTEUILLE_SOMA;Bouteuille soma;categorie-kugatumba-bar;12;;TRUE;TRUE;caisse
INVENTORY-BOUTEUILLE_AMSTEL_G;Bouteuille amstel G;categorie-kugatumba-bar;6;24000;TRUE;TRUE;caisse
INVENTORY-BOUTEUILLE_AMSTEL_P;Bouteuille amstel P;categorie-kugatumba-bar;5;20000;TRUE;TRUE;caisse
INVENTORY-BOUTEUILLE_PRIMUS_G ;Bouteuille primus G;categorie-kugatumba-bar;7;28000;TRUE;TRUE;caisse
INVENTORY-BOUTEUILLE_PRIMUS_P ;Bouteuille primus P;categorie-kugatumba-bar;13;52000;TRUE;TRUE;caisse
INVENTORY-BOUTEUILLE_FANTA;Bouteuille fanta;categorie-kugatumba-bar;17;17000;TRUE;TRUE;caisse
INVENTORY-BOUTEUILLE_VIVA;Bouteuille viva;categorie-kugatumba-bar;8;8000;TRUE;TRUE;caisse
INVENTORY-BOUTEUILLE_ROYALE;Bouteuille royale;categorie-kugatumba-bar;3;15000;TRUE;TRUE;caisse
INVENTORY-CARTON_VIDE_AMSTEL_G;Carton vide amstel G;categorie-kugatumba-bar;7;70000;TRUE;TRUE;caisse
INVENTORY-CARTON_VIDE_AMSTEL_P;Carton vide amstel P;categorie-kugatumba-bar;33;165000;TRUE;TRUE;caisse
INVENTORY-CARTON_VIDE_PRIMUS_G;Carton vide primus G;categorie-kugatumba-bar;16;80000;TRUE;TRUE;caisse
INVENTORY-CARTON_VIDE_VIVA;Carton vide viva;categorie-kugatumba-bar;13;65000;TRUE;TRUE;caisse
INVENTORY-CHAISES;Chaises ;categorie-kugatumba-bar;146;6580000;TRUE;TRUE;piece
INVENTORY-TABLES;Tables;categorie-kugatumba-bar;48;3900000;TRUE;TRUE;piece
INVENTORY-CHAISE_DE_COMPTOIR;Chaises de comptoir;categorie-kugatumba-bar;44;6600000;TRUE;TRUE;piece
INVENTORY-TABLES_DE_COMPTOIR;Tables de comptoir;categorie-kugatumba-bar;10;2660000;TRUE;TRUE;piece
INVENTORY-CHAISE_FAUTEUILS; fauteuils complet;categorie-kugatumba-bar;6;2400000;TRUE;TRUE;piece
INVENTORY-CHAISES_BRARUDI;Chaises plastiq;categorie-kugatumba-bar;270;945000;TRUE;TRUE;piece
INVENTORY-TABLES_BRARUDI;Tables plastiq;categorie-kugatumba-bar;44;2640000;TRUE;TRUE;piece
INVENTORY-IMITAKA_YA_BRARUDI;Imitaka ;categorie-kugatumba-bar;30;4500000;TRUE;TRUE;piece
INVENTORY-BILLARD;Billard;categorie-kugatumba-bar;2;10000000;TRUE;TRUE;piece
INVENTORY-FRIGO;Frigo;categorie-kugatumba-bar;2;6000000;TRUE;TRUE;piece
INVENTORY-FRIGO_BRARUDI;Frigo brarudi;categorie-kugatumba-bar;1;;TRUE;TRUE;piece
INVENTORY-ORDINATEUR;Ordinateur;categorie-kugatumba-bar;1;400000;TRUE;TRUE;piece
INVENTORY-IMPRIMANTE;Imprimante;categorie-kugatumba-bar;1;1000000;TRUE;TRUE;piece
INVENTORY-PARAPLUIE;Parapluie;categorie-kugatumba-bar;5;60000;TRUE;TRUE;piece
INVENTORY-CARCULATRICE;Carculatrice;categorie-kugatumba-bar;1;10000;TRUE;TRUE;piece
INVENTORY-POUBELLE;Poubelle;categorie-kugatumba-bar;3;30000;TRUE;TRUE;piece
INVENTORY-CAMERA;Camera;categorie-kugatumba-bar;1;;TRUE;TRUE;piece
INVENROTY-CONGELATEUR;Congelateur;categorie-kugatumba-bar;1;200000;TRUE;TRUE;piece
INVENTORY-ROUTEUR;Routeur;categorie-kugatumba-bar;1;;TRUE;TRUE;piece
INVENTORY-VERRE-SIMPLE;Verre simple;categorie-kugatumba-bar;50;250000;TRUE;TRUE;piece
INVENTORY-CONGELATEUR-BRARUDI;Congelateur brarudi;categorie-kugatumba-bar;1;;TRUE;TRUE;piece
INVENTORY-PLATEAUX;Plateaux;categorie-kugatumba-bar;9;90000;TRUE;TRUE;piece
INVENTORY-COUPE;Coupe;categorie-kugatumba-bar;30;150000;TRUE;TRUE;piece
INVENTORY-VERRE-DE-VIN;Verre de vin;categorie-kugatumba-bar;19;95000;TRUE;TRUE;piece
INVENTORY-VERRE-BRARUDI;Verre brarudi;categorie-kugatumba-bar;146;;TRUE;TRUE;piece
;;;;;;;
;;;;;;;
;;;;;;;
##mBInventory;;;;;;;
code;name;category;quantity;cost;active;visible;unit
INVENTORY-TISSU;Tissu ;categorie-icizanye-salle;80;1600000;TRUE;TRUE;piece
INVENTORY-MIXEUR;sonolisation;categorie-icizanye-salle;1;9500000;TRUE;TRUE;piece
INVENTORY-RETRO_PROJECTEUR;Retro projecteur;categorie-icizanye-salle;4;1800000;TRUE;TRUE;piece
INVENTORY-ALLONGE;Allonge;categorie-icizanye-salle;8;120000;TRUE;TRUE;piece
;;;;;;;
;;;;;;;
;;;;;;;
;;;;;;;
;;;;;;;
;;;;;;;
##mBInventory;;;;;;;
code;name;category;quantity;cost;active;visible;unit
INVENTORY-TISSU;Tissu;categorie-kugatumba-salle;10;200000;TRUE;TRUE;piece
INVENTORY-RADIO;Radio JBL;categorie-kugatumba-salle;1;5100000;TRUE;TRUE;piece
INVENTORY-HAUT_PARLEUR;sonolisation;categorie-kugatumba-salle;1;3700000;TRUE;TRUE;piece
INVENTORY-RETRO_PROJECTEUR;Retro projecteur;categorie-kugatumba-salle;1;450000;TRUE;TRUE;piece
INVENTORY-VENTILLATEUR;Ventillateur;categorie-kugatumba-salle;2;1600000;TRUE;TRUE;piece
INVENTORY-MIXEUR;Mixeur;categorie-kugatumba-salle;1;1200000;TRUE;TRUE;piece
INVENTORY-RADIO-SIMPLE;Radio simple;categorie-kugatumba-salle;1;1000000;TRUE;TRUE;piece
;;;;;;;
;;;;;;;
;;;;;;;
##mBInventory;;;;;;;
code;name;category;quantity;cost;active;visible;unit
INVENTORY-CAMIONNETTE;Camionnette;categorie-kugatumba-automobile;1;30000000;TRUE;TRUE;piece
INVENTORY-GROUPE_ELECTOGENE;Groupe electrogene;categorie-kugatumba-automobile;1;20000000;TRUE;TRUE;piece
;;;;;;;
;;;;;;;
##mBInventory;;;;;;;
code;name;category;quantity;cost;active;visible;unit
INVENTORY-CAMIONNETTE;Camionnette;categorie-icizanye-automobile;1;25000000;TRUE;TRUE;piece
INVENTORY-GROUPE_ELECTOGENE-1;Groupe electrogene 1;categorie-icizanye-automobile;1;35000000;TRUE;TRUE;piece
INVENTORY-GROUPE_ELECTOGENE-2;Groupe electrogene 2;categorie-icizanye-automobile;1;25000000;TRUE;TRUE;piece
;;;;;;;
;;;;;;;
##mBInventory;;;;;;;
code;name;category;quantity;cost;active;visible;unit
INVENTORY-AMBALLAGE-DE-25KG;Amballage de 25kg;categorie-sptpa-amballage;1054;1054000;TRUE;TRUE;piece
INVENTORY-AMBALLAGE-DE-10KG;Amballage de10kg;categorie-sptpa-amballage;809;566300;TRUE;TRUE;piece
INVENTORY-AMBALLAGE-DE-5KG;Amballage de 5kg;categorie-sptpa-amballage;1701;1105650;TRUE;TRUE;piece
INVENTORY-AMBALLAGE-DE-1KG;Amballage de 1kg;categorie-sptpa-amballage;3859;2701300;TRUE;TRUE;piece
INVENTORY-AMBALLAGE-DE-500G;Amballage de 500g;categorie-sptpa-amballage;677;372350;TRUE;TRUE;piece
;;;;;;;
;;;;;;;
;;;;;;;
##mBInventory;;;;;;;
code;name;category;quantity;cost;active;visible;unit
INVENTORY-MAïS;Maïs;categorie-sptpa-matière-première;874;1311000;TRUE;TRUE;kg
INVENTORY-SORGHO;Sorgho;categorie-sptpa-matière-première;1040;1768000;TRUE;TRUE;kg
INVENTORY-SOJA;Soja;categorie-sptpa-matière-première;1024;20481001;TRUE;TRUE;kg
INVENTORY-BLE;Blé;categorie-sptpa-matière-première;110;297000;TRUE;TRUE;kg
;;;;;;;
;;;;;;;
##mBInventory;;;;;;;
code;name;category;quantity;cost;active;visible;unit
INVENTORY-LIGNE-ELECTRIQUE;Ligne électrique;categorie-sptpa-electrique;1;60000000;TRUE;TRUE;piece
INVENTORY-GROUPE-ELECTROGENE;Groupe electrogene;categorie-sptpa-electrique;1;50000000;TRUE;TRUE;piece
;;;;;;;
;;;;;;;
##mBInventory;;;;;;;
code;name;category;quantity;cost;active;visible;unit
INVENTORY-DROYER;Droyer;categorie-sptpa-machine;1;;TRUE;TRUE;piece
INVENTORY-GRADER;Grader;categorie-sptpa-machine;1;5000000;TRUE;TRUE;piece
INVENTORY-MACHINE-CYNCLONE;Machine Cynclone;categorie-sptpa-machine;1;4000000;TRUE;TRUE;piece
INVENTORY-MELANGEUR;Melangeur;categorie-sptpa-machine;1;9000000;TRUE;TRUE;piece
INVENTORY-TORREFACTEUR;Torrefacteur;categorie-sptpa-machine;1;8550000;TRUE;TRUE;piece
INVENTORY-CHAINE-DE-PRODUCTION-MAΪS;Maϊs;categorie-sptpa-machine;1;;TRUE;TRUE;piece
INVENTORY-CYNCLONE-INOXYDABLE;Cynclone Inoxydable;categorie-sptpa-machine;2;15000000;TRUE;TRUE;piece
INVENTORY-CHAINE-DE-PRODUCTION-RIZ;Riz;categorie-sptpa-machine;1;;TRUE;TRUE;piece
;;;;;;;
;;;;;;;
##mBInventory;;;;;;;
code;name;category;quantity;cost;active;visible;unit
INVENTORY-FARINE-DE-MAΪS-DE-25KG;Farine de maïs de 25kg;categorie-sptpa-produit-finie;0;;TRUE;TRUE;piece
INVENTORY-FARINE-DE-MAΪS-10KG;Farine de maïs de 10kg;categorie-sptpa-produit-finie;0;;TRUE;TRUE;piece
INVENTORY-FARINE-DE-MAΪS-5KG;Farine de maïs de 5kg;categorie-sptpa-produit-finie;0;;TRUE;TRUE;piece
INVENTORY-FARINE-DE-BOULLIE-DE-1KG;Farine de boullie de 1kg;categorie-sptpa-produit-finie;0;;TRUE;TRUE;piece
INVENTORY-FARINE-DE-BOULLIE-DE-500G;Farine de boullie de 500g;categorie-sptpa-produit-finie;0;;TRUE;TRUE;piece
;;;;;;;
;;;;;;;
##mBInventory;;;;;;;
code;name;category;quantity;cost;active;visible;unit
INVENTORY-SON-DE-MAΪS-QUALITE-1;Son de maïs qualité 1;categorie-sptpa-son-maïs;0;;TRUE;TRUE;kg
INVENTORY-SON-DE-MAΪS-QUALITE-2;Son de maïs qualité 2;categorie-sptpa-son-maïs;0;;TRUE;TRUE;kg
;;;;;;;
;;;;;;;
;;;;;;;
##mBInventory;;;;;;;
code;name;category;quantity;cost;active;visible;unit
INVENTORY-MACHINE-A-COUDRE;Machine à coudre;categorie-sptpa-matériel;1;500000;TRUE;TRUE;piece
INVENTORY-BALANCE-ELECTRONIQUE;Balance electronique;categorie-sptpa-matériel;1;600000;TRUE;TRUE;piece
INVENTORY-BALANCE-ZHUSHENG;Balance zhusheng;categorie-sptpa-matériel;1;1000000;TRUE;TRUE;piece
IMVENTORY-ALLONGE;Allonge;categorie-sptpa-matériel;1;20000;TRUE;TRUE;piece
INVENTORY-TABLE-DE-BUREAU;Table de bureau;categorie-sptpa-matériel;1;60000;TRUE;TRUE;piece
INVENTORY-CHAISE;Chaise;categorie-sptpa-matériel;1;15000;TRUE;TRUE;piece
INVENTORY-UNIFORME;Uniforme;categorie-sptpa-matériel;9;90000;TRUE;TRUE;piece
INVENTORY-BOTUNE;Botune;categorie-sptpa-matériel;6;90000;TRUE;TRUE;piece
INVENTORY-MARMITE;Marmite;categorie-sptpa-matériel;1;60000;TRUE;TRUE;piece
INVENTORY-BECHE;Beche;categorie-sptpa-matériel;4;24000;TRUE;TRUE;piece
;;;;;;;
;;;;;;;
##mBInventory;;;;;;;
code;name;category;quantity;cost;active;visible;unit
INVENTORY-MERCEDES-BENZ-3236;Mercedes benz 3236;categorie-sptpa-automobile;1;;TRUE;TRUE;piece
;;;;;;;
;;;;;;;
;;;;;;;
##mBInventory;;;;;;;
code;name;category;quantity;cost;active;visible;unit
INVENTORY-BATIMENT;Batiment;categorie-sptpa-batiment;3;;TRUE;TRUE;piece
